<?xml version="1.0"?>
<GuestBook><NewEntry><Name>Taral</Name><Email>taraloza@yahoo.com</Email><Comments>Test</Comments></NewEntry><NewEntry><Name>Taral</Name><Email>taraloza@yahoo.com</Email><Comments>Test 2</Comments></NewEntry><NewEntry><Name>Taral</Name><Email>taraloza@yahoo.com</Email><Comments>Test 3</Comments></NewEntry><NewEntry><Name>Taral</Name><Email>taraloza@yahoo.com</Email><Comments>test 222222</Comments></NewEntry><NewEntry><Name>Taral</Name><Email>taraloza@gmail.com</Email><Comments>comment</Comments></NewEntry></GuestBook>
